{"p1Config":{"moveForce":10.0,"normalFacingLerpTime":0.10000000149011612,"attackingFacingLerpTime":0.029999999329447748,"health":3,"invincibleTime":1.0,"maxVelocityX":10.0,"maxVelocityY":10.0,"noseOutSpeed":10.0,"noseInSpeed":10.0,"maxNoseLength":3.0,"noseForce":10.0,"friction":0.10000000149011612,"bounce":0.10000000149011612},"p2Config":{"moveForce":10.0,"normalFacingLerpTime":0.10000000149011612,"attackingFacingLerpTime":0.029999999329447748,"health":3,"invincibleTime":1.0,"maxVelocityX":10.0,"maxVelocityY":10.0,"noseOutSpeed":10.0,"noseInSpeed":10.0,"maxNoseLength":3.0,"noseForce":10.0,"friction":0.10000000149011612,"bounce":0.10000000149011612},"stopVelocity":1.0}