{"p1Config":{"moveForce":4.5,"normalFacingLerpTime":0.10000000149011612,"attackingFacingLerpTime":0.029999999329447748,"health":3,"invincibleTime":1.0,"maxVelocityX":6.5,"maxVelocityY":6.5,"noseOutSpeed":10.0,"noseInSpeed":10.0,"maxNoseLength":1.850000023841858,"noseForce":10.0,"reSpawnTime":1.0,"flashInterval":0.20000000298023225},"p2Config":{"moveForce":4.5,"normalFacingLerpTime":0.10000000149011612,"attackingFacingLerpTime":0.029999999329447748,"health":3,"invincibleTime":1.0,"maxVelocityX":6.5,"maxVelocityY":6.5,"noseOutSpeed":10.0,"noseInSpeed":10.0,"maxNoseLength":1.850000023841858,"noseForce":10.0,"reSpawnTime":1.0,"flashInterval":0.20000000298023225},"stopVelocity":0.30000001192092898,"bodyHitEffectLifeTime":0.30000001192092898,"noseHitEffectLifeTime":0.30000001192092898,"oldManP1PlatformMoveSpeed":100.0,"oldManP2PlatformMoveSpeed":100.0,"stopWallProtectTime":1.0,"normalWallProtectTime":1.0,"brokenWallVelocity":1.0,"p1OldManDetectRange":0.4000000059604645,"p2OldManDetectRange":0.4000000059604645,"wallHitCount":3}